PROCESSO,OB,STATUS OB,DATA DE PAGAMENTO,,VALOR,OBJETO,CREDOR,DESCRIÇÃO,CATEGORIA,MUNICÍPIO,PARCELA,CAT_MUN
20267374122,2026160101OB05001,ENVIADO,19/03/2026,,"R$ 112.175,00",,PREFEITURA MUNICIPAL DE CACHOEIRA DO PIRIA - 01612360000107,1ª PARCELA DO PETE/2026,PETE,CACHOEIRA DO PIRIA,1,PETECACHOEIRA DO PIRIA
20266770619,2026160101OB05002,ENVIADO,19/03/2026,,"R$ 70.707,00",,PREFEITURA MUNICIPAL DE CACHOEIRA DO PIRIA - 01612360000107,1ª PARCELA DO PEAE/2026,PEAE,CACHOEIRA DO PIRIA,1,PEAECACHOEIRA DO PIRIA
20265437923,2026160101OB05003,ENVIADO,16/04/2026,,"R$ 70.707,00",,PREFEITURA MUNICIPAL DE CACHOEIRA DO PIRIA - 01612360000107,2ª PARCELA DO PEAE/2026,PEAE,CACHOEIRA DO PIRIA,2,PEAECACHOEIRA DO PIRIA
20268707870,2026160101OB05004,ENVIADO,19/03/2026,,"R$ 851.335,00",,PREFEITURA MUNICIPAL DE ALMEIRIM - 05139464000105,1ª PARCELA DO PETE/2026,PETE,ALMEIRIM,1,PETEALMEIRIM
20262322047,2026160101OB05005,ENVIADO,19/03/2026,,"R$ 85.444,00",,PREFEITURA MUNICIPAL DE ALMEIRIM - 05139464000105,1ª PARCELA DO PEAE/2026,PEAE,ALMEIRIM,1,PEAEALMEIRIM
20265918715,2026160101OB05006,ENVIADO,16/04/2026,,"R$ 85.444,00",,PREFEITURA MUNICIPAL DE ALMEIRIM - 05139464000105,2ª PARCELA DO PEAE/2026,PEAE,ALMEIRIM,2,PEAEALMEIRIM
20264226067,2026160101OB05007,ENVIADO,19/03/2026,,"R$ 874.693,00",,PREFEITURA MUNICIPAL DE NOVA ESPERANCA DO PIRIA - 84263862000105,1ª PARCELA DO PETE/2026,PETE,NOVA ESPERANCA DO PIRIA,1,PETENOVA ESPERANCA DO PIRIA
20262166941,2026160101OB05008,ENVIADO,16/04/2026,,"R$ 874.693,00",,PREFEITURA MUNICIPAL DE NOVA ESPERANCA DO PIRIA - 84263862000105,2ª PARCELA DO PETE/2026,PETE,NOVA ESPERANCA DO PIRIA,2,PETENOVA ESPERANCA DO PIRIA
20261768805,2026160101OB05009,ENVIADO,20/05/2026,,"R$ 874.693,00",,PREFEITURA MUNICIPAL DE NOVA ESPERANCA DO PIRIA - 84263862000105,3ª PARCELA DO PETE/2026,PETE,NOVA ESPERANCA DO PIRIA,3,PETENOVA ESPERANCA DO PIRIA
20262338687,2026160101OB05010,ENVIADO,19/03/2026,,"R$ 139.484,00",,PREFEITURA MUNICIPAL DE NOVA ESPERANCA DO PIRIA - 84263862000105,1ª PARCELA DO PEAE/2026,PEAE,NOVA ESPERANCA DO PIRIA,1,PEAENOVA ESPERANCA DO PIRIA
20264905582,2026160101OB05011,ENVIADO,16/04/2026,,"R$ 139.484,00",,PREFEITURA MUNICIPAL DE NOVA ESPERANCA DO PIRIA - 84263862000105,2ª PARCELA DO PEAE/2026,PEAE,NOVA ESPERANCA DO PIRIA,2,PEAENOVA ESPERANCA DO PIRIA
20265663623,2026160101OB05012,ENVIADO,19/03/2026,,"R$ 110.907,00",,PREFEITURA MUNICIPAL DE MARACANA - 04880258000180,1ª PARCELA DO PETE/2026,PETE,MARACANA,1,PETEMARACANA
20268606962,2026160101OB05013,ENVIADO,16/04/2026,,"R$ 110.907,00",,PREFEITURA MUNICIPAL DE MARACANA - 04880258000180,2ª PARCELA DO PETE/2026,PETE,MARACANA,2,PETEMARACANA
20267120868,2026160101OB05014,ENVIADO,20/05/2026,,"R$ 110.907,00",,PREFEITURA MUNICIPAL DE MARACANA - 04880258000180,3ª PARCELA DO PETE/2026,PETE,MARACANA,3,PETEMARACANA
20263728882,2026160101OB05015,ENVIADO,10/06/2026,,"R$ 110.907,00",,PREFEITURA MUNICIPAL DE MARACANA - 04880258000180,4ª PARCELA DO PETE/2026,PETE,MARACANA,4,PETEMARACANA
20264514944,2026160101OB05016,ENVIADO,19/03/2026,,"R$ 214.081,00",,PREFEITURA MUNICIPAL DE MARACANA - 04880258000180,1ª PARCELA DO PEAE/2026,PEAE,MARACANA,1,PEAEMARACANA
20265479144,2026160101OB05017,ENVIADO,16/04/2026,,"R$ 214.081,00",,PREFEITURA MUNICIPAL DE MARACANA - 04880258000180,2ª PARCELA DO PEAE/2026,PEAE,MARACANA,2,PEAEMARACANA
20263871230,2026160101OB05018,ENVIADO,19/03/2026,,"R$ 740.911,00",,PREFEITURA MUNICIPAL DE JURUTI - 05257555000137,1ª PARCELA DO PETE/2026,PETE,JURUTI,1,PETEJURUTI
20268755439,2026160101OB05019,ENVIADO,19/03/2026,,"R$ 148.351,00",,PREFEITURA MUNICIPAL DE JURUTI - 05257555000137,1ª PARCELA DO PEAE/2026,PEAE,JURUTI,1,PEAEJURUTI
20264684531,2026160101OB05020,ENVIADO,19/03/2026,,"R$ 402.887,00",,PREFEITURA MUNICIPAL DE COLARES - 05835939000190,1ª PARCELA DO PETE/2026,PETE,COLARES,1,PETECOLARES
20266440561,2026160101OB05021,ENVIADO,16/04/2026,,"R$ 402.887,00",,PREFEITURA MUNICIPAL DE COLARES - 05835939000190,2ª PARCELA DO PETE/2026,PETE,COLARES,2,PETECOLARES
20261938483,2026160101OB05022,ENVIADO,20/05/2026,,"R$ 402.887,00",,PREFEITURA MUNICIPAL DE COLARES - 05835939000190,3ª PARCELA DO PETE/2026,PETE,COLARES,3,PETECOLARES
20266292423,2026160101OB05023,ENVIADO,19/03/2026,,"R$ 140.087,00",,PREFEITURA MUNICIPAL DE COLARES - 05835939000190,1ª PARCELA DO PEAE/2026,PEAE,COLARES,1,PEAECOLARES
20262110460,2026160101OB05024,ENVIADO,19/03/2026,,"R$ 425.651,00",,PREFEITURA MUNICIPAL DE BUJARU - 05196563000110,1ª PARCELA DO PETE/2026,PETE,BUJARU,1,PETEBUJARU
20264539704,2026160101OB05025,ENVIADO,16/04/2026,,"R$ 425.651,00",,PREFEITURA MUNICIPAL DE BUJARU - 05196563000110,2ª PARCELA DO PETE/2026,PETE,BUJARU,2,PETEBUJARU
20266279418,2026160101OB05026,ENVIADO,20/05/2026,,"R$ 425.651,00",,PREFEITURA MUNICIPAL DE BUJARU - 05196563000110,3ª PARCELA DO PETE/2026,PETE,BUJARU,3,PETEBUJARU
20269375710,2026160101OB05027,ENVIADO,19/03/2026,,"R$ 131.477,00",,PREFEITURA MUNICIPAL DE BUJARU - 05196563000110,1ª PARCELA DO PEAE/2026,PEAE,BUJARU,1,PEAEBUJARU
20267637601,2026160101OB05028,ENVIADO,16/04/2026,,"R$ 131.477,00",,PREFEITURA MUNICIPAL DE BUJARU - 05196563000110,2ª PARCELA DO PEAE/2026,PEAE,BUJARU,2,PEAEBUJARU
20268698256,2026160101OB05029,ENVIADO,20/05/2026,,"R$ 131.477,00",,PREFEITURA MUNICIPAL DE BUJARU - 05196563000110,3ª PARCELA DO PEAE/2026,PEAE,BUJARU,3,PEAEBUJARU
20263342608,2026160101OB05030,ENVIADO,19/03/2026,,"R$ 154.811,00",,PREFEITURA MUNICIPAL DE BRASIL NOVO - 34887950000100,1ª PARCELA DO PETE/2026,PETE,BRASIL NOVO,1,PETEBRASIL NOVO
20265137722,2026160101OB05031,ENVIADO,16/04/2026,,"R$ 154.811,00",,PREFEITURA MUNICIPAL DE BRASIL NOVO - 34887950000100,2ª PARCELA DO PETE/2026,PETE,BRASIL NOVO,2,PETEBRASIL NOVO
20265408072,2026160101OB05032,ENVIADO,20/05/2026,,"R$ 154.811,00",,PREFEITURA MUNICIPAL DE BRASIL NOVO - 34887950000100,3ª PARCELA DO PETE/2026,PETE,BRASIL NOVO,3,PETEBRASIL NOVO
20267700828,2026160101OB05033,ENVIADO,19/03/2026,,"R$ 244.622,00",,PREFEITURA MUNICIPAL DE BRASIL NOVO - 34887950000100,1ª PARCELA DO PEAE/2026,PEAE,BRASIL NOVO,1,PEAEBRASIL NOVO
20267073292,2026160101OB05034,ENVIADO,16/04/2026,,"R$ 244.622,00",,PREFEITURA MUNICIPAL DE BRASIL NOVO - 34887950000100,2ª PARCELA DO PEAE/2026,PEAE,BRASIL NOVO,2,PEAEBRASIL NOVO
20264679591,2026160101OB05035,ENVIADO,20/05/2026,,"R$ 244.622,00",,PREFEITURA MUNICIPAL DE BRASIL NOVO - 34887950000100,3ª PARCELA DO PEAE/2026,PEAE,BRASIL NOVO,3,PEAEBRASIL NOVO
20262525206,2026160101OB05036,ENVIADO,19/03/2026,,"R$ 150.051,00",,PREFEITURA MUNICIPAL DE OBIDOS - 05131180000164,1ª PARCELA DO PETE/2026,PETE,OBIDOS,1,PETEOBIDOS
20261790481,2026160101OB05037,ENVIADO,16/04/2026,,"R$ 150.051,00",,PREFEITURA MUNICIPAL DE OBIDOS - 05131180000164,2ª PARCELA DO PETE/2026,PETE,OBIDOS,2,PETEOBIDOS
20262839607,2026160101OB05038,ENVIADO,20/05/2026,,"R$ 150.051,00",,PREFEITURA MUNICIPAL DE OBIDOS - 05131180000164,3ª PARCELA DO PETE/2026,PETE,OBIDOS,3,PETEOBIDOS
20263564251,2026160101OB05039,ENVIADO,10/06/2026,,"R$ 150.051,00",,PREFEITURA MUNICIPAL DE OBIDOS - 05131180000164,4ª PARCELA DO PETE/2026,PETE,OBIDOS,4,PETEOBIDOS
20268082668,2026160101OB05040,ENVIADO,19/03/2026,,"R$ 103.876,00",,PREFEITURA MUNICIPAL DE OBIDOS - 05131180000164,1ª PARCELA DO PEAE/2026,PEAE,OBIDOS,1,PEAEOBIDOS
20262065818,2026160101OB05041,ENVIADO,16/04/2026,,"R$ 103.876,00",,PREFEITURA MUNICIPAL DE OBIDOS - 05131180000164,2ª PARCELA DO PEAE/2026,PEAE,OBIDOS,2,PEAEOBIDOS
20267455324,2026160101OB05042,ENVIADO,20/05/2026,,"R$ 103.876,00",,PREFEITURA MUNICIPAL DE OBIDOS - 05131180000164,3ª PARCELA DO PEAE/2026,PEAE,OBIDOS,3,PEAEOBIDOS
20269877065,2026160101OB05043,ENVIADO,19/03/2026,,"R$ 405.156,00",,PREFEITURA MUNICIPAL DE ITUPIRANGA - 05077102000129,1ª PARCELA DO PETE/2026,PETE,ITUPIRANGA,1,PETEITUPIRANGA
20265218028,2026160101OB05044,ENVIADO,16/04/2026,,"R$ 405.156,00",,PREFEITURA MUNICIPAL DE ITUPIRANGA - 05077102000129,2ª PARCELA DO PETE/2026,PETE,ITUPIRANGA,2,PETEITUPIRANGA
20261192619,2026160101OB05045,ENVIADO,20/05/2026,,"R$ 405.156,00",,PREFEITURA MUNICIPAL DE ITUPIRANGA - 05077102000129,3ª PARCELA DO PETE/2026,PETE,ITUPIRANGA,3,PETEITUPIRANGA
20262921859,2026160101OB05046,ENVIADO,10/06/2026,,"R$ 405.156,00",,PREFEITURA MUNICIPAL DE ITUPIRANGA - 05077102000129,4ª PARCELA DO PETE/2026,PETE,ITUPIRANGA,4,PETEITUPIRANGA
20266707197,2026160101OB05047,ENVIADO,19/03/2026,,"R$ 159.893,00",,PREFEITURA MUNICIPAL DE ITUPIRANGA - 05077102000129,1ª PARCELA DO PEAE/2026,PEAE,ITUPIRANGA,1,PEAEITUPIRANGA
20262871534,2026160101OB05048,ENVIADO,16/04/2026,,"R$ 159.893,00",,PREFEITURA MUNICIPAL DE ITUPIRANGA - 05077102000129,2ª PARCELA DO PEAE/2026,PEAE,ITUPIRANGA,2,PEAEITUPIRANGA
20265924115,2026160101OB05049,ENVIADO,20/05/2026,,"R$ 159.893,00",,PREFEITURA MUNICIPAL DE ITUPIRANGA - 05077102000129,3ª PARCELA DO PEAE/2026,PEAE,ITUPIRANGA,3,PEAEITUPIRANGA
20268612220,2026160101OB05050,ENVIADO,19/03/2026,,"R$ 460.884,00",,PREFEITURA MUNICIPAL DE AGUA AZUL DO NORTE - 34671057000134,1ª PARCELA DO PETE/2026,PETE,AGUA AZUL DO NORTE,1,PETEAGUA AZUL DO NORTE
20261054447,2026160101OB05051,ENVIADO,16/04/2026,,"R$ 460.884,00",,PREFEITURA MUNICIPAL DE AGUA AZUL DO NORTE - 34671057000134,2ª PARCELA DO PETE/2026,PETE,AGUA AZUL DO NORTE,2,PETEAGUA AZUL DO NORTE
20263997281,2026160101OB05052,ENVIADO,19/03/2026,,"R$ 158.091,00",,PREFEITURA MUNICIPAL DE AGUA AZUL DO NORTE - 34671057000134,1ª PARCELA DO PEAE/2026,PEAE,AGUA AZUL DO NORTE,1,PEAEAGUA AZUL DO NORTE
20269517485,2026160101OB05053,ENVIADO,16/04/2026,,"R$ 158.091,00",,PREFEITURA MUNICIPAL DE AGUA AZUL DO NORTE - 34671057000134,2ª PARCELA DO PEAE/2026,PEAE,AGUA AZUL DO NORTE,2,PEAEAGUA AZUL DO NORTE
20262785277,2026160101OB05054,ENVIADO,20/05/2026,,"R$ 158.091,00",,PREFEITURA MUNICIPAL DE AGUA AZUL DO NORTE - 34671057000134,3ª PARCELA DO PEAE/2026,PEAE,AGUA AZUL DO NORTE,3,PEAEAGUA AZUL DO NORTE
20269517169,2026160101OB05055,ENVIADO,19/03/2026,,"R$ 660.674,00",,PREFEITURA MUNICIPAL DE AFUA - 05119854000105,1ª PARCELA DO PETE/2026,PETE,AFUA,1,PETEAFUA
20264337174,2026160101OB05056,ENVIADO,16/04/2026,,"R$ 660.674,00",,PREFEITURA MUNICIPAL DE AFUA - 05119854000105,2ª PARCELA DO PETE/2026,PETE,AFUA,2,PETEAFUA
20263564217,2026160101OB05057,ENVIADO,20/05/2026,,"R$ 660.674,00",,PREFEITURA MUNICIPAL DE AFUA - 05119854000105,3ª PARCELA DO PETE/2026,PETE,AFUA,3,PETEAFUA
20269897858,2026160101OB05058,ENVIADO,19/03/2026,,"R$ 216.038,00",,PREFEITURA MUNICIPAL DE AFUA - 05119854000105,1ª PARCELA DO PEAE/2026,PEAE,AFUA,1,PEAEAFUA
20269197443,2026160101OB05059,ENVIADO,19/03/2026,,"R$ 5.599,00",,PREFEITURA MUNICIPAL DE AURORA DO PARA - 83267989000121,1ª PARCELA DO PETE/2026,PETE,AURORA DO PARA,1,PETEAURORA DO PARA
20261326765,2026160101OB05060,ENVIADO,16/04/2026,,"R$ 5.599,00",,PREFEITURA MUNICIPAL DE AURORA DO PARA - 83267989000121,2ª PARCELA DO PETE/2026,PETE,AURORA DO PARA,2,PETEAURORA DO PARA
20262876828,2026160101OB05061,ENVIADO,20/05/2026,,"R$ 5.599,00",,PREFEITURA MUNICIPAL DE AURORA DO PARA - 83267989000121,3ª PARCELA DO PETE/2026,PETE,AURORA DO PARA,3,PETEAURORA DO PARA
20265017343,2026160101OB05062,ENVIADO,19/03/2026,,"R$ 210.306,00",,PREFEITURA MUNICIPAL DE AURORA DO PARA - 83267989000121,1ª PARCELA DO PEAE/2026,PEAE,AURORA DO PARA,1,PEAEAURORA DO PARA
20261971823,2026160101OB05063,ENVIADO,16/04/2026,,"R$ 210.306,00",,PREFEITURA MUNICIPAL DE AURORA DO PARA - 83267989000121,2ª PARCELA DO PEAE/2026,PEAE,AURORA DO PARA,2,PEAEAURORA DO PARA
20262437026,2026160101OB05064,ENVIADO,19/03/2026,,"R$ 257.572,00",,PREFEITURA MUNICIPAL DE CACHOEIRA DO ARARI - 04884482000140,1ª PARCELA DO PETE/2026,PETE,CACHOEIRA DO ARARI,1,PETECACHOEIRA DO ARARI
20269937326,2026160101OB05065,ENVIADO,19/03/2026,,"R$ 274.798,00",,PREFEITURA MUNICIPAL DE CACHOEIRA DO ARARI - 04884482000140,1ª PARCELA DO PEAE/2026,PEAE,CACHOEIRA DO ARARI,1,PEAECACHOEIRA DO ARARI
20263154051,2026160101OB05066,ENVIADO,19/03/2026,,"R$ 808.035,00",,PREFEITURA MUNICIPAL DE CAMETA - 05105283000150,1ª PARCELA DO PETE/2026,PETE,CAMETA,1,PETECAMETA
20268973915,2026160101OB05067,ENVIADO,16/04/2026,,"R$ 808.035,00",,PREFEITURA MUNICIPAL DE CAMETA - 05105283000150,2ª PARCELA DO PETE/2026,PETE,CAMETA,2,PETECAMETA
20269852897,2026160101OB05068,ENVIADO,19/03/2026,,"R$ 106.574,00",,PREFEITURA MUNICIPAL DE CAMETA - 05105283000150,1ª PARCELA DO PEAE/2026,PEAE,CAMETA,1,PEAECAMETA
20268099076,2026160101OB05069,ENVIADO,16/04/2026,,"R$ 106.574,00",,PREFEITURA MUNICIPAL DE CAMETA - 05105283000150,2ª PARCELA DO PEAE/2026,PEAE,CAMETA,2,PEAECAMETA
20266229731,2026160101OB05070,ENVIADO,19/03/2026,,"R$ 227.086,00",,PREFEITURA MUNICIPAL DE MARITUBA - 01611666000149,1ª PARCELA DO PETE/2026,PETE,MARITUBA,1,PETEMARITUBA
20267693979,2026160101OB05071,ENVIADO,16/04/2026,,"R$ 227.086,00",,PREFEITURA MUNICIPAL DE MARITUBA - 01611666000149,2ª PARCELA DO PETE/2026,PETE,MARITUBA,2,PETEMARITUBA
20269683481,2026160101OB05072,ENVIADO,19/03/2026,,"R$ 215.779,00",,PREFEITURA MUNICIPAL DE MARITUBA - 01611666000149,1ª PARCELA DO PEAE/2026,PEAE,MARITUBA,1,PEAEMARITUBA
20268574680,2026160101OB05073,ENVIADO,16/04/2026,,"R$ 215.779,00",,PREFEITURA MUNICIPAL DE MARITUBA - 01611666000149,2ª PARCELA DO PEAE/2026,PEAE,MARITUBA,2,PEAEMARITUBA
20264769795,2026160101OB05074,ENVIADO,19/03/2026,,"R$ 131.882,00",,PREFEITURA MUNICIPAL DE ORIXIMINA - 05131081000182,1ª PARCELA DO PETE/2026,PETE,ORIXIMINA,1,PETEORIXIMINA
20262074176,2026160101OB05075,ENVIADO,16/04/2026,,"R$ 131.882,00",,PREFEITURA MUNICIPAL DE ORIXIMINA - 05131081000182,2ª PARCELA DO PETE/2026,PETE,ORIXIMINA,2,PETEORIXIMINA
20264860684,2026160101OB05076,ENVIADO,19/03/2026,,"R$ 197.254,00",,PREFEITURA MUNICIPAL DE ORIXIMINA - 05131081000182,1ª PARCELA DO PEAE/2026,PEAE,ORIXIMINA,1,PEAEORIXIMINA
20261120642,2026160101OB05077,ENVIADO,19/03/2026,,"R$ 622.024,00",,PREFEITURA MUNICIPAL DE TERRA SANTA - 23060866000193,1ª PARCELA DO PETE/2026,PETE,TERRA SANTA,1,PETETERRA SANTA
20262191066,2026160101OB05078,ENVIADO,16/04/2026,,"R$ 622.024,00",,PREFEITURA MUNICIPAL DE TERRA SANTA - 23060866000193,2ª PARCELA DO PETE/2026,PETE,TERRA SANTA,2,PETETERRA SANTA
20262130789,2026160101OB05079,ENVIADO,19/03/2026,,"R$ 50.866,00",,PREFEITURA MUNICIPAL DE TERRA SANTA - 23060866000193,1ª PARCELA DO PEAE/2026,PEAE,TERRA SANTA,1,PEAETERRA SANTA
20262188789,2026160101OB05080,ENVIADO,19/03/2026,,"R$ 37.938,00",,PREFEITURA MUNICIPAL DE NOVA IPIXUNA - 01612215000126,1ª PARCELA DO PETE/2026,PETE,NOVA IPIXUNA,1,PETENOVA IPIXUNA
20269626108,2026160101OB05081,ENVIADO,16/04/2026,,"R$ 37.938,00",,PREFEITURA MUNICIPAL DE NOVA IPIXUNA - 01612215000126,2ª PARCELA DO PETE/2026,PETE,NOVA IPIXUNA,2,PETENOVA IPIXUNA
20264993055,2026160101OB05082,ENVIADO,20/05/2026,,"R$ 37.938,00",,PREFEITURA MUNICIPAL DE NOVA IPIXUNA - 01612215000126,3ª PARCELA DO PETE/2026,PETE,NOVA IPIXUNA,3,PETENOVA IPIXUNA
20269143903,2026160101OB05083,ENVIADO,19/03/2026,,"R$ 166.002,00",,PREFEITURA MUNICIPAL DE NOVA IPIXUNA - 01612215000126,1ª PARCELA DO PEAE/2026,PEAE,NOVA IPIXUNA,1,PEAENOVA IPIXUNA
20264594297,2026160101OB05084,ENVIADO,16/04/2026,,"R$ 166.002,00",,PREFEITURA MUNICIPAL DE NOVA IPIXUNA - 01612215000126,2ª PARCELA DO PEAE/2026,PEAE,NOVA IPIXUNA,2,PEAENOVA IPIXUNA
20263219824,2026160101OB05085,ENVIADO,20/05/2026,,"R$ 166.002,00",,PREFEITURA MUNICIPAL DE NOVA IPIXUNA - 01612215000126,3ª PARCELA DO PEAE/2026,PEAE,NOVA IPIXUNA,3,PEAENOVA IPIXUNA
20265076817,2026160101OB05086,ENVIADO,19/03/2026,,"R$ 763.490,00",,PREFEITURA MUNICIPAL DE BREVES - 04876389000194,1ª PARCELA DO PETE/2026,PETE,BREVES,1,PETEBREVES
20268935169,2026160101OB05087,ENVIADO,16/04/2026,,"R$ 763.490,00",,PREFEITURA MUNICIPAL DE BREVES - 04876389000194,2ª PARCELA DO PETE/2026,PETE,BREVES,2,PETEBREVES
20267829332,2026160101OB05088,ENVIADO,20/05/2026,,"R$ 763.490,00",,PREFEITURA MUNICIPAL DE BREVES - 04876389000194,3ª PARCELA DO PETE/2026,PETE,BREVES,3,PETEBREVES
20264194548,2026160101OB05089,ENVIADO,10/06/2026,,"R$ 763.490,00",,PREFEITURA MUNICIPAL DE BREVES - 04876389000194,4ª PARCELA DO PETE/2026,PETE,BREVES,4,PETEBREVES
20268231838,2026160101OB05090,ENVIADO,19/03/2026,,"R$ 69.453,00",,PREFEITURA MUNICIPAL DE BREVES - 04876389000194,1ª PARCELA DO PEAE/2026,PEAE,BREVES,1,PEAEBREVES
20267897151,2026160101OB05091,ENVIADO,19/03/2026,,"R$ 376.507,00",,PREFEITURA MUNICIPAL DE QUATIPURU - 01612367000129,1ª PARCELA DO PETE/2026,PETE,QUATIPURU,1,PETEQUATIPURU
20268835373,2026160101OB05092,ENVIADO,16/04/2026,,"R$ 376.507,00",,PREFEITURA MUNICIPAL DE QUATIPURU - 01612367000129,2ª PARCELA DO PETE/2026,PETE,QUATIPURU,2,PETEQUATIPURU
20261908841,2026160101OB05093,ENVIADO,20/05/2026,,"R$ 376.507,00",,PREFEITURA MUNICIPAL DE QUATIPURU - 01612367000129,3ª PARCELA DO PETE/2026,PETE,QUATIPURU,3,PETEQUATIPURU
20262651177,2026160101OB05094,ENVIADO,10/06/2026,,"R$ 376.507,00",,PREFEITURA MUNICIPAL DE QUATIPURU - 01612367000129,4ª PARCELA DO PETE/2026,PETE,QUATIPURU,4,PETEQUATIPURU
20266692553,2026160101OB05095,ENVIADO,19/03/2026,,"R$ 51.778,00",,PREFEITURA MUNICIPAL DE QUATIPURU - 01612367000129,1ª PARCELA DO PEAE/2026,PEAE,QUATIPURU,1,PEAEQUATIPURU
20262833230,2026160101OB05096,ENVIADO,16/04/2026,,"R$ 51.778,00",,PREFEITURA MUNICIPAL DE QUATIPURU - 01612367000129,2ª PARCELA DO PEAE/2026,PEAE,QUATIPURU,2,PEAEQUATIPURU
20264191175,2026160101OB05097,ENVIADO,19/03/2026,,"R$ 265.735,00",,PREFEITURA MUNICIPAL DE PEIXE BOI - 05149158000141,1ª PARCELA DO PETE/2026,PETE,PEIXE BOI,1,PETEPEIXE BOI
20269997381,2026160101OB05098,ENVIADO,16/04/2026,,"R$ 265.735,00",,PREFEITURA MUNICIPAL DE PEIXE BOI - 05149158000141,2ª PARCELA DO PETE/2026,PETE,PEIXE BOI,2,PETEPEIXE BOI
20268077999,2026160101OB05099,ENVIADO,19/03/2026,,"R$ 255.202,00",,PREFEITURA MUNICIPAL DE PEIXE BOI - 05149158000141,1ª PARCELA DO PEAE/2026,PEAE,PEIXE BOI,1,PEAEPEIXE BOI
20268761611,2026160101OB05100,ENVIADO,19/03/2026,,"R$ 197.401,00",,PREFEITURA MUNICIPAL DE PRAINHA - 04860854000107,1ª PARCELA DO PETE/2026,PETE,PRAINHA,1,PETEPRAINHA
20265191056,2026160101OB05101,ENVIADO,16/04/2026,,"R$ 197.401,00",,PREFEITURA MUNICIPAL DE PRAINHA - 04860854000107,2ª PARCELA DO PETE/2026,PETE,PRAINHA,2,PETEPRAINHA
20262264748,2026160101OB05102,ENVIADO,20/05/2026,,"R$ 197.401,00",,PREFEITURA MUNICIPAL DE PRAINHA - 04860854000107,3ª PARCELA DO PETE/2026,PETE,PRAINHA,3,PETEPRAINHA
20262642635,2026160101OB05103,ENVIADO,19/03/2026,,"R$ 252.328,00",,PREFEITURA MUNICIPAL DE PRAINHA - 04860854000107,1ª PARCELA DO PEAE/2026,PEAE,PRAINHA,1,PEAEPRAINHA
20261848731,2026160101OB05104,ENVIADO,16/04/2026,,"R$ 252.328,00",,PREFEITURA MUNICIPAL DE PRAINHA - 04860854000107,2ª PARCELA DO PEAE/2026,PEAE,PRAINHA,2,PEAEPRAINHA
20261247595,2026160101OB05105,ENVIADO,20/05/2026,,"R$ 252.328,00",,PREFEITURA MUNICIPAL DE PRAINHA - 04860854000107,3ª PARCELA DO PEAE/2026,PEAE,PRAINHA,3,PEAEPRAINHA
20263790237,2026160101OB05106,ENVIADO,19/03/2026,,"R$ 102.793,00",,PREFEITURA MUNICIPAL DE MUANA - 05105200000122,1ª PARCELA DO PETE/2026,PETE,MUANA,1,PETEMUANA
20267818496,2026160101OB05107,ENVIADO,16/04/2026,,"R$ 102.793,00",,PREFEITURA MUNICIPAL DE MUANA - 05105200000122,2ª PARCELA DO PETE/2026,PETE,MUANA,2,PETEMUANA
20264586084,2026160101OB05108,ENVIADO,19/03/2026,,"R$ 274.615,00",,PREFEITURA MUNICIPAL DE MUANA - 05105200000122,1ª PARCELA DO PEAE/2026,PEAE,MUANA,1,PEAEMUANA
20267728339,2026160101OB05109,ENVIADO,16/04/2026,,"R$ 274.615,00",,PREFEITURA MUNICIPAL DE MUANA - 05105200000122,2ª PARCELA DO PEAE/2026,PEAE,MUANA,2,PEAEMUANA
20267358113,2026160101OB05110,ENVIADO,19/03/2026,,"R$ 66.483,00",,PREFEITURA MUNICIPAL DE ITAITUBA - 05138730000177,1ª PARCELA DO PETE/2026,PETE,ITAITUBA,1,PETEITAITUBA
20261036161,2026160101OB05111,ENVIADO,16/04/2026,,"R$ 66.483,00",,PREFEITURA MUNICIPAL DE ITAITUBA - 05138730000177,2ª PARCELA DO PETE/2026,PETE,ITAITUBA,2,PETEITAITUBA
20268633773,2026160101OB05112,ENVIADO,19/03/2026,,"R$ 224.693,00",,PREFEITURA MUNICIPAL DE ITAITUBA - 05138730000177,1ª PARCELA DO PEAE/2026,PEAE,ITAITUBA,1,PEAEITAITUBA
20265785687,2026160101OB05113,ENVIADO,16/04/2026,,"R$ 224.693,00",,PREFEITURA MUNICIPAL DE ITAITUBA - 05138730000177,2ª PARCELA DO PEAE/2026,PEAE,ITAITUBA,2,PEAEITAITUBA
20263597059,2026160101OB05114,ENVIADO,19/03/2026,,"R$ 448.555,00",,PREFEITURA MUNICIPAL DE XINGUARA - 04144150000120,1ª PARCELA DO PETE/2026,PETE,XINGUARA,1,PETEXINGUARA
20264185957,2026160101OB05115,ENVIADO,16/04/2026,,"R$ 448.555,00",,PREFEITURA MUNICIPAL DE XINGUARA - 04144150000120,2ª PARCELA DO PETE/2026,PETE,XINGUARA,2,PETEXINGUARA
20265977931,2026160101OB05116,ENVIADO,20/05/2026,,"R$ 448.555,00",,PREFEITURA MUNICIPAL DE XINGUARA - 04144150000120,3ª PARCELA DO PETE/2026,PETE,XINGUARA,3,PETEXINGUARA
20264652414,2026160101OB05117,ENVIADO,10/06/2026,,"R$ 448.555,00",,PREFEITURA MUNICIPAL DE XINGUARA - 04144150000120,4ª PARCELA DO PETE/2026,PETE,XINGUARA,4,PETEXINGUARA
20262022698,2026160101OB05118,ENVIADO,19/03/2026,,"R$ 50.662,00",,PREFEITURA MUNICIPAL DE XINGUARA - 04144150000120,1ª PARCELA DO PEAE/2026,PEAE,XINGUARA,1,PEAEXINGUARA
20266261415,2026160101OB05119,ENVIADO,16/04/2026,,"R$ 50.662,00",,PREFEITURA MUNICIPAL DE XINGUARA - 04144150000120,2ª PARCELA DO PEAE/2026,PEAE,XINGUARA,2,PEAEXINGUARA
20261959074,2026160101OB05120,ENVIADO,20/05/2026,,"R$ 50.662,00",,PREFEITURA MUNICIPAL DE XINGUARA - 04144150000120,3ª PARCELA DO PEAE/2026,PEAE,XINGUARA,3,PEAEXINGUARA
20269436429,2026160101OB05121,ENVIADO,19/03/2026,,"R$ 57.578,00",,PREFEITURA MUNICIPAL DE URUARA - 34593541000192,1ª PARCELA DO PETE/2026,PETE,URUARA,1,PETEURUARA
20269910817,2026160101OB05122,ENVIADO,16/04/2026,,"R$ 57.578,00",,PREFEITURA MUNICIPAL DE URUARA - 34593541000192,2ª PARCELA DO PETE/2026,PETE,URUARA,2,PETEURUARA
20263641282,2026160101OB05123,ENVIADO,20/05/2026,,"R$ 57.578,00",,PREFEITURA MUNICIPAL DE URUARA - 34593541000192,3ª PARCELA DO PETE/2026,PETE,URUARA,3,PETEURUARA
20261954280,2026160101OB05124,ENVIADO,10/06/2026,,"R$ 57.578,00",,PREFEITURA MUNICIPAL DE URUARA - 34593541000192,4ª PARCELA DO PETE/2026,PETE,URUARA,4,PETEURUARA
20264117625,2026160101OB05125,ENVIADO,19/03/2026,,"R$ 286.248,00",,PREFEITURA MUNICIPAL DE URUARA - 34593541000192,1ª PARCELA DO PEAE/2026,PEAE,URUARA,1,PEAEURUARA
20264946066,2026160101OB05126,ENVIADO,19/03/2026,,"R$ 76.849,00",,PREFEITURA MUNICIPAL DE TRAIRAO - 10221760000182,1ª PARCELA DO PETE/2026,PETE,TRAIRAO,1,PETETRAIRAO
20265130808,2026160101OB05127,ENVIADO,19/03/2026,,"R$ 231.694,00",,PREFEITURA MUNICIPAL DE TRAIRAO - 10221760000182,1ª PARCELA DO PEAE/2026,PEAE,TRAIRAO,1,PEAETRAIRAO
20262375453,2026160101OB05128,ENVIADO,19/03/2026,,"R$ 612.040,00",,PREFEITURA MUNICIPAL DE ULIANOPOLIS - 83334672000160,1ª PARCELA DO PETE/2026,PETE,ULIANOPOLIS,1,PETEULIANOPOLIS
20269770838,2026160101OB05129,ENVIADO,19/03/2026,,"R$ 239.794,00",,PREFEITURA MUNICIPAL DE ULIANOPOLIS - 83334672000160,1ª PARCELA DO PEAE/2026,PEAE,ULIANOPOLIS,1,PEAEULIANOPOLIS
20266307805,2026160101OB05130,ENVIADO,16/04/2026,,"R$ 239.794,00",,PREFEITURA MUNICIPAL DE ULIANOPOLIS - 83334672000160,2ª PARCELA DO PEAE/2026,PEAE,ULIANOPOLIS,2,PEAEULIANOPOLIS
20265374922,2026160101OB05131,ENVIADO,20/05/2026,,"R$ 239.794,00",,PREFEITURA MUNICIPAL DE ULIANOPOLIS - 83334672000160,3ª PARCELA DO PEAE/2026,PEAE,ULIANOPOLIS,3,PEAEULIANOPOLIS
20265004485,2026160101OB05132,ENVIADO,19/03/2026,,"R$ 219.181,00",,PREFEITURA MUNICIPAL DE SANTANA DO ARAGUAIA - 05832977000199,1ª PARCELA DO PETE/2026,PETE,SANTANA DO ARAGUAIA,1,PETESANTANA DO ARAGUAIA
20265456272,2026160101OB05133,ENVIADO,16/04/2026,,"R$ 219.181,00",,PREFEITURA MUNICIPAL DE SANTANA DO ARAGUAIA - 05832977000199,2ª PARCELA DO PETE/2026,PETE,SANTANA DO ARAGUAIA,2,PETESANTANA DO ARAGUAIA
20267640184,2026160101OB05134,ENVIADO,20/05/2026,,"R$ 219.181,00",,PREFEITURA MUNICIPAL DE SANTANA DO ARAGUAIA - 05832977000199,3ª PARCELA DO PETE/2026,PETE,SANTANA DO ARAGUAIA,3,PETESANTANA DO ARAGUAIA
20266033115,2026160101OB05135,ENVIADO,19/03/2026,,"R$ 88.617,00",,PREFEITURA MUNICIPAL DE SANTANA DO ARAGUAIA - 05832977000199,1ª PARCELA DO PEAE/2026,PEAE,SANTANA DO ARAGUAIA,1,PEAESANTANA DO ARAGUAIA
20268670955,2026160101OB05136,ENVIADO,16/04/2026,,"R$ 88.617,00",,PREFEITURA MUNICIPAL DE SANTANA DO ARAGUAIA - 05832977000199,2ª PARCELA DO PEAE/2026,PEAE,SANTANA DO ARAGUAIA,2,PEAESANTANA DO ARAGUAIA
20266304573,2026160101OB05137,ENVIADO,20/05/2026,,"R$ 88.617,00",,PREFEITURA MUNICIPAL DE SANTANA DO ARAGUAIA - 05832977000199,3ª PARCELA DO PEAE/2026,PEAE,SANTANA DO ARAGUAIA,3,PEAESANTANA DO ARAGUAIA
20261156287,2026160101OB05138,ENVIADO,19/03/2026,,"R$ 793.387,00",,PREFEITURA MUNICIPAL DE ABAETETUBA - 05105127000199,1ª PARCELA DO PETE/2026,PETE,ABAETETUBA,1,PETEABAETETUBA
20262677407,2026160101OB05139,ENVIADO,19/03/2026,,"R$ 260.273,00",,PREFEITURA MUNICIPAL DE ABAETETUBA - 05105127000199,1ª PARCELA DO PEAE/2026,PEAE,ABAETETUBA,1,PEAEABAETETUBA
20262229110,2026160101OB05140,ENVIADO,16/04/2026,,"R$ 260.273,00",,PREFEITURA MUNICIPAL DE ABAETETUBA - 05105127000199,2ª PARCELA DO PEAE/2026,PEAE,ABAETETUBA,2,PEAEABAETETUBA
20264576135,2026160101OB05141,ENVIADO,20/05/2026,,"R$ 260.273,00",,PREFEITURA MUNICIPAL DE ABAETETUBA - 05105127000199,3ª PARCELA DO PEAE/2026,PEAE,ABAETETUBA,3,PEAEABAETETUBA
20263222252,2026160101OB05142,ENVIADO,19/03/2026,,"R$ 535.458,00",,PREFEITURA MUNICIPAL DE SANTA BARBARA DO PARA - 83334698000109,1ª PARCELA DO PETE/2026,PETE,SANTA BARBARA DO PARA,1,PETESANTA BARBARA DO PARA
20266855396,2026160101OB05143,ENVIADO,16/04/2026,,"R$ 535.458,00",,PREFEITURA MUNICIPAL DE SANTA BARBARA DO PARA - 83334698000109,2ª PARCELA DO PETE/2026,PETE,SANTA BARBARA DO PARA,2,PETESANTA BARBARA DO PARA
20262154126,2026160101OB05144,ENVIADO,20/05/2026,,"R$ 535.458,00",,PREFEITURA MUNICIPAL DE SANTA BARBARA DO PARA - 83334698000109,3ª PARCELA DO PETE/2026,PETE,SANTA BARBARA DO PARA,3,PETESANTA BARBARA DO PARA
20265781295,2026160101OB05145,ENVIADO,19/03/2026,,"R$ 148.075,00",,PREFEITURA MUNICIPAL DE SANTA BARBARA DO PARA - 83334698000109,1ª PARCELA DO PEAE/2026,PEAE,SANTA BARBARA DO PARA,1,PEAESANTA BARBARA DO PARA
20263646552,2026160101OB05146,ENVIADO,16/04/2026,,"R$ 148.075,00",,PREFEITURA MUNICIPAL DE SANTA BARBARA DO PARA - 83334698000109,2ª PARCELA DO PEAE/2026,PEAE,SANTA BARBARA DO PARA,2,PEAESANTA BARBARA DO PARA
20269874152,2026160101OB05147,ENVIADO,19/03/2026,,"R$ 464.469,00",,PREFEITURA MUNICIPAL DE BONITO - 05149083000107,1ª PARCELA DO PETE/2026,PETE,BONITO,1,PETEBONITO
20261131249,2026160101OB05148,ENVIADO,16/04/2026,,"R$ 464.469,00",,PREFEITURA MUNICIPAL DE BONITO - 05149083000107,2ª PARCELA DO PETE/2026,PETE,BONITO,2,PETEBONITO
20266022741,2026160101OB05149,ENVIADO,20/05/2026,,"R$ 464.469,00",,PREFEITURA MUNICIPAL DE BONITO - 05149083000107,3ª PARCELA DO PETE/2026,PETE,BONITO,3,PETEBONITO
20265437001,2026160101OB05150,ENVIADO,19/03/2026,,"R$ 74.309,00",,PREFEITURA MUNICIPAL DE BONITO - 05149083000107,1ª PARCELA DO PEAE/2026,PEAE,BONITO,1,PEAEBONITO
20263607983,2026160101OB05151,ENVIADO,19/03/2026,,"R$ 126.035,00",,PREFEITURA MUNICIPAL DE SAO GERALDO DO ARAGUAIA - 10249241000122,1ª PARCELA DO PETE/2026,PETE,SAO GERALDO DO ARAGUAIA,1,PETESAO GERALDO DO ARAGUAIA
20264533779,2026160101OB05152,ENVIADO,19/03/2026,,"R$ 162.788,00",,PREFEITURA MUNICIPAL DE SAO GERALDO DO ARAGUAIA - 10249241000122,1ª PARCELA DO PEAE/2026,PEAE,SAO GERALDO DO ARAGUAIA,1,PEAESAO GERALDO DO ARAGUAIA
20266752576,2026160101OB05153,ENVIADO,16/04/2026,,"R$ 162.788,00",,PREFEITURA MUNICIPAL DE SAO GERALDO DO ARAGUAIA - 10249241000122,2ª PARCELA DO PEAE/2026,PEAE,SAO GERALDO DO ARAGUAIA,2,PEAESAO GERALDO DO ARAGUAIA
20269479356,2026160101OB05154,ENVIADO,19/03/2026,,"R$ 218.487,00",,PREFEITURA MUNICIPAL DE TRACUATEUA - 01612999000192,1ª PARCELA DO PETE/2026,PETE,TRACUATEUA,1,PETETRACUATEUA
20269196204,2026160101OB05155,ENVIADO,16/04/2026,,"R$ 218.487,00",,PREFEITURA MUNICIPAL DE TRACUATEUA - 01612999000192,2ª PARCELA DO PETE/2026,PETE,TRACUATEUA,2,PETETRACUATEUA
20265213115,2026160101OB05156,ENVIADO,20/05/2026,,"R$ 218.487,00",,PREFEITURA MUNICIPAL DE TRACUATEUA - 01612999000192,3ª PARCELA DO PETE/2026,PETE,TRACUATEUA,3,PETETRACUATEUA
20268106422,2026160101OB05157,ENVIADO,19/03/2026,,"R$ 46.633,00",,PREFEITURA MUNICIPAL DE TRACUATEUA - 01612999000192,1ª PARCELA DO PEAE/2026,PEAE,TRACUATEUA,1,PEAETRACUATEUA
20261739653,2026160101OB05158,ENVIADO,19/03/2026,,"R$ 874.634,00",,PREFEITURA MUNICIPAL DE ELDORADO DO CARAJAS - 84139633000175,1ª PARCELA DO PETE/2026,PETE,ELDORADO DO CARAJAS,1,PETEELDORADO DO CARAJAS
20261059486,2026160101OB05159,ENVIADO,16/04/2026,,"R$ 874.634,00",,PREFEITURA MUNICIPAL DE ELDORADO DO CARAJAS - 84139633000175,2ª PARCELA DO PETE/2026,PETE,ELDORADO DO CARAJAS,2,PETEELDORADO DO CARAJAS
20266596150,2026160101OB05160,ENVIADO,20/05/2026,,"R$ 874.634,00",,PREFEITURA MUNICIPAL DE ELDORADO DO CARAJAS - 84139633000175,3ª PARCELA DO PETE/2026,PETE,ELDORADO DO CARAJAS,3,PETEELDORADO DO CARAJAS
20265394880,2026160101OB05161,ENVIADO,19/03/2026,,"R$ 88.587,00",,PREFEITURA MUNICIPAL DE ELDORADO DO CARAJAS - 84139633000175,1ª PARCELA DO PEAE/2026,PEAE,ELDORADO DO CARAJAS,1,PEAEELDORADO DO CARAJAS
20263710895,2026160101OB05162,ENVIADO,16/04/2026,,"R$ 88.587,00",,PREFEITURA MUNICIPAL DE ELDORADO DO CARAJAS - 84139633000175,2ª PARCELA DO PEAE/2026,PEAE,ELDORADO DO CARAJAS,2,PEAEELDORADO DO CARAJAS
20268412769,2026160101OB05163,ENVIADO,20/05/2026,,"R$ 88.587,00",,PREFEITURA MUNICIPAL DE ELDORADO DO CARAJAS - 84139633000175,3ª PARCELA DO PEAE/2026,PEAE,ELDORADO DO CARAJAS,3,PEAEELDORADO DO CARAJAS
20261162230,2026160101OB05164,ENVIADO,19/03/2026,,"R$ 583.478,00",,PREFEITURA MUNICIPAL DE SANTO ANTONIO DO TAUA - 05059936000101,1ª PARCELA DO PETE/2026,PETE,SANTO ANTONIO DO TAUA,1,PETESANTO ANTONIO DO TAUA
20262876932,2026160101OB05165,ENVIADO,16/04/2026,,"R$ 583.478,00",,PREFEITURA MUNICIPAL DE SANTO ANTONIO DO TAUA - 05059936000101,2ª PARCELA DO PETE/2026,PETE,SANTO ANTONIO DO TAUA,2,PETESANTO ANTONIO DO TAUA
20262262382,2026160101OB05166,ENVIADO,20/05/2026,,"R$ 583.478,00",,PREFEITURA MUNICIPAL DE SANTO ANTONIO DO TAUA - 05059936000101,3ª PARCELA DO PETE/2026,PETE,SANTO ANTONIO DO TAUA,3,PETESANTO ANTONIO DO TAUA
20263500715,2026160101OB05167,ENVIADO,10/06/2026,,"R$ 583.478,00",,PREFEITURA MUNICIPAL DE SANTO ANTONIO DO TAUA - 05059936000101,4ª PARCELA DO PETE/2026,PETE,SANTO ANTONIO DO TAUA,4,PETESANTO ANTONIO DO TAUA
20263484601,2026160101OB05168,ENVIADO,19/03/2026,,"R$ 38.889,00",,PREFEITURA MUNICIPAL DE SANTO ANTONIO DO TAUA - 05059936000101,1ª PARCELA DO PEAE/2026,PEAE,SANTO ANTONIO DO TAUA,1,PEAESANTO ANTONIO DO TAUA
20268210624,2026160101OB05169,ENVIADO,16/04/2026,,"R$ 38.889,00",,PREFEITURA MUNICIPAL DE SANTO ANTONIO DO TAUA - 05059936000101,2ª PARCELA DO PEAE/2026,PEAE,SANTO ANTONIO DO TAUA,2,PEAESANTO ANTONIO DO TAUA
20266171716,2026160101OB05170,ENVIADO,19/03/2026,,"R$ 138.636,00",,PREFEITURA MUNICIPAL DE BOM JESUS DO TOCANTINS - 22938757000163,1ª PARCELA DO PETE/2026,PETE,BOM JESUS DO TOCANTINS,1,PETEBOM JESUS DO TOCANTINS
20267003042,2026160101OB05171,ENVIADO,19/03/2026,,"R$ 211.182,00",,PREFEITURA MUNICIPAL DE BOM JESUS DO TOCANTINS - 22938757000163,1ª PARCELA DO PEAE/2026,PEAE,BOM JESUS DO TOCANTINS,1,PEAEBOM JESUS DO TOCANTINS
20262724590,2026160101OB05172,ENVIADO,19/03/2026,,"R$ 225.281,00",,PREFEITURA MUNICIPAL DE TAILANDIA - 22941355000118,1ª PARCELA DO PETE/2026,PETE,TAILANDIA,1,PETETAILANDIA
20266933742,2026160101OB05173,ENVIADO,16/04/2026,,"R$ 225.281,00",,PREFEITURA MUNICIPAL DE TAILANDIA - 22941355000118,2ª PARCELA DO PETE/2026,PETE,TAILANDIA,2,PETETAILANDIA
20263592974,2026160101OB05174,ENVIADO,19/03/2026,,"R$ 233.058,00",,PREFEITURA MUNICIPAL DE TAILANDIA - 22941355000118,1ª PARCELA DO PEAE/2026,PEAE,TAILANDIA,1,PEAETAILANDIA
20264971793,2026160101OB05175,ENVIADO,16/04/2026,,"R$ 233.058,00",,PREFEITURA MUNICIPAL DE TAILANDIA - 22941355000118,2ª PARCELA DO PEAE/2026,PEAE,TAILANDIA,2,PEAETAILANDIA
20263726327,2026160101OB05176,ENVIADO,20/05/2026,,"R$ 233.058,00",,PREFEITURA MUNICIPAL DE TAILANDIA - 22941355000118,3ª PARCELA DO PEAE/2026,PEAE,TAILANDIA,3,PEAETAILANDIA
20267917152,2026160101OB05177,ENVIADO,19/03/2026,,"R$ 843.742,00",,PREFEITURA MUNICIPAL DE SANTA IZABEL DO PARA - 05171699000176,1ª PARCELA DO PETE/2026,PETE,SANTA IZABEL DO PARA,1,PETESANTA IZABEL DO PARA
20261415846,2026160101OB05178,ENVIADO,16/04/2026,,"R$ 843.742,00",,PREFEITURA MUNICIPAL DE SANTA IZABEL DO PARA - 05171699000176,2ª PARCELA DO PETE/2026,PETE,SANTA IZABEL DO PARA,2,PETESANTA IZABEL DO PARA
20266573147,2026160101OB05179,ENVIADO,19/03/2026,,"R$ 114.036,00",,PREFEITURA MUNICIPAL DE SANTA IZABEL DO PARA - 05171699000176,1ª PARCELA DO PEAE/2026,PEAE,SANTA IZABEL DO PARA,1,PEAESANTA IZABEL DO PARA
20267907400,2026160101OB05180,ENVIADO,16/04/2026,,"R$ 114.036,00",,PREFEITURA MUNICIPAL DE SANTA IZABEL DO PARA - 05171699000176,2ª PARCELA DO PEAE/2026,PEAE,SANTA IZABEL DO PARA,2,PEAESANTA IZABEL DO PARA
20265163555,2026160101OB05181,ENVIADO,20/05/2026,,"R$ 114.036,00",,PREFEITURA MUNICIPAL DE SANTA IZABEL DO PARA - 05171699000176,3ª PARCELA DO PEAE/2026,PEAE,SANTA IZABEL DO PARA,3,PEAESANTA IZABEL DO PARA
20265476257,2026160101OB05182,ENVIADO,16/04/2026,,"R$ 45.000,00",,PREFEITURA MUNICIPAL DE CACHOEIRA DO PIRIA - 01612360000107,2ª PARCELA DO PETE/2026 (COMPLEMENTO),PETE,CACHOEIRA DO PIRIA,2,PETECACHOEIRA DO PIRIA
20263670896,2026160101OB05183,ENVIADO,19/03/2026,,"R$ 88.000,00",,PREFEITURA MUNICIPAL DE ALMEIRIM - 05139464000105,1ª PARCELA DO PETE/2026,PETE,ALMEIRIM,1,PETEALMEIRIM
20262813543,2026160101OB05184,ENVIADO,16/04/2026,,"R$ 88.000,00",,PREFEITURA MUNICIPAL DE ALMEIRIM - 05139464000105,1ª PARCELA DO PETE/2026,PETE,ALMEIRIM,1,PETEALMEIRIM
20267417985,2026160101OB05185,ANULADO,19/03/2026,,"R$ 70.000,00",,PREFEITURA MUNICIPAL DE NOVA ESPERANCA DO PIRIA - 84263862000105,1ª PARCELA DO PEAE/2026,PEAE,NOVA ESPERANCA DO PIRIA,1,PEAENOVA ESPERANCA DO PIRIA
